order_id,customer_id,order_date,status,region_code
1,144.0,2026-06-19,CANCELLED,West
2,296.0,2026-05-10,DELIVERED,East
3,367.0,2024-09-16,DELIVERED,East
4,312.0,2026-04-09,RETURNED,West
5,180.0,2025-06-09,SHIPPED,North
6,397.0,2026-06-10,SHIPPED,North
7,285.0,2025-06-01,PLACED,West
9,161.0,2024-12-26,RETURNED,East
10,84.0,2025-10-12,SHIPPED,East
11,4.0,2026-01-09,DELIVERED,East
12,279.0,2026-01-26,RETURNED,South
13,324.0,2026-01-24,CANCELLED,East
14,380.0,2024-09-12,SHIPPED,North
15,101.0,2024-08-28,SHIPPED,East
16,163.0,2025-06-04,RETURNED,South
17,78.0,2026-04-02,PLACED,South
18,5.0,2024-08-04,SHIPPED,East
19,28.0,2025-01-01,PLACED,East
20,68.0,2025-02-28,CANCELLED,North
21,458.0,2025-07-02,RETURNED,West
22,100.0,2025-03-13,SHIPPED,North
23,312.0,2025-04-17,SHIPPED,West
24,303.0,2024-09-29,DELIVERED,South
26,156.0,2026-03-26,SHIPPED,South
27,169.0,2025-06-15,PLACED,West
28,261.0,2025-02-18,CANCELLED,South
29,401.0,2026-03-03,CANCELLED,North
30,270.0,2025-05-22,DELIVERED,East
31,354.0,2024-08-02,CANCELLED,East
32,176.0,2026-03-21,SHIPPED,West
33,288.0,2026-01-06,RETURNED,West
34,371.0,2025-11-20,CANCELLED,West
35,443.0,2026-05-16,CANCELLED,East
36,500.0,2025-09-06,RETURNED,North
38,4.0,2026-06-29,SHIPPED,South
39,349.0,2026-03-25,SHIPPED,South
40,186.0,2025-07-15,RETURNED,North
42,229.0,2025-09-09,RETURNED,West
43,23.0,2026-04-14,PLACED,West
44,97.0,2025-03-28,CANCELLED,West
45,376.0,2025-09-26,PLACED,East
46,59.0,2024-09-28,DELIVERED,North
47,396.0,2025-03-23,SHIPPED,West
49,226.0,2025-04-26,RETURNED,North
50,119.0,2025-09-30,PLACED,East
51,324.0,2025-03-07,DELIVERED,North
52,19.0,2025-05-20,SHIPPED,North
53,133.0,2024-08-02,CANCELLED,West
54,494.0,2025-12-30,SHIPPED,South
55,391.0,2024-08-16,CANCELLED,South
56,414.0,2026-01-13,DELIVERED,South
57,411.0,2025-11-06,PLACED,North
58,373.0,2026-06-08,RETURNED,South
59,110.0,2025-12-23,DELIVERED,West
60,177.0,2026-01-29,PLACED,East
61,145.0,2024-10-29,RETURNED,West
62,364.0,2024-09-29,DELIVERED,South
63,346.0,2026-06-08,PLACED,North
64,420.0,2026-03-03,CANCELLED,East
65,290.0,2025-10-27,DELIVERED,North
66,68.0,2025-04-25,CANCELLED,East
67,231.0,2025-12-15,DELIVERED,South
69,356.0,2025-11-24,PLACED,North
71,383.0,2024-10-10,DELIVERED,South
72,107.0,2024-08-27,DELIVERED,West
73,481.0,2025-11-17,SHIPPED,North
74,493.0,2025-08-25,DELIVERED,West
75,127.0,2024-11-28,PLACED,East
76,386.0,2026-04-21,SHIPPED,North
77,250.0,2026-05-20,SHIPPED,West
78,355.0,2024-09-28,SHIPPED,South
79,279.0,2024-12-11,DELIVERED,West
80,303.0,2024-09-28,SHIPPED,West
81,98.0,2024-11-02,RETURNED,East
82,116.0,2025-09-16,PLACED,South
83,240.0,2026-02-17,PLACED,West
84,249.0,2026-02-01,CANCELLED,East
85,326.0,2025-08-27,PLACED,North
86,336.0,2025-03-20,PLACED,South
87,28.0,2025-12-26,RETURNED,East
89,170.0,2025-05-30,CANCELLED,South
90,495.0,2025-10-09,RETURNED,East
91,274.0,2025-03-17,PLACED,West
92,319.0,2025-06-15,SHIPPED,West
93,208.0,2026-06-14,SHIPPED,West
94,162.0,2025-08-22,PLACED,South
95,264.0,2024-12-02,SHIPPED,South
96,258.0,2025-02-06,SHIPPED,North
97,487.0,2025-07-09,SHIPPED,West
98,442.0,2025-10-20,SHIPPED,South
99,441.0,2026-03-21,PLACED,South
100,394.0,2026-04-15,RETURNED,North
101,321.0,2025-12-05,DELIVERED,West
102,71.0,2025-07-16,PLACED,South
103,390.0,2025-01-03,SHIPPED,North
104,437.0,2025-09-19,SHIPPED,North
105,178.0,2024-08-06,PLACED,West
106,42.0,2024-08-06,CANCELLED,West
107,72.0,2024-10-11,DELIVERED,South
108,394.0,2025-05-22,PLACED,North
109,349.0,2025-12-13,DELIVERED,North
110,97.0,2026-06-10,PLACED,East
111,484.0,2025-03-05,RETURNED,East
112,216.0,2025-06-12,DELIVERED,South
113,252.0,2025-05-30,SHIPPED,South
114,292.0,2025-04-27,SHIPPED,East
115,31.0,2025-05-20,SHIPPED,North
116,180.0,2026-06-01,SHIPPED,North
117,177.0,2026-05-02,RETURNED,North
118,57.0,2026-04-28,SHIPPED,South
119,23.0,2024-08-02,PLACED,East
120,235.0,2026-01-13,SHIPPED,East
121,73.0,2025-03-23,CANCELLED,East
122,46.0,2026-02-03,SHIPPED,North
123,120.0,2026-01-15,DELIVERED,South
124,421.0,2025-07-16,PLACED,South
125,264.0,2024-11-04,SHIPPED,South
126,498.0,2026-05-31,PLACED,North
127,239.0,2025-02-20,RETURNED,North
128,33.0,2024-07-23,PLACED,North
129,241.0,2025-10-19,RETURNED,South
130,108.0,2025-07-13,SHIPPED,East
131,208.0,2026-04-27,CANCELLED,North
132,262.0,2024-09-22,SHIPPED,South
133,189.0,2026-02-04,DELIVERED,South
134,498.0,2025-11-28,CANCELLED,West
135,456.0,2025-01-15,RETURNED,South
136,135.0,2026-02-08,CANCELLED,East
137,283.0,2024-12-19,RETURNED,East
138,80.0,2025-01-10,PLACED,South
141,468.0,2025-09-13,CANCELLED,West
142,10.0,2025-11-08,RETURNED,North
143,203.0,2025-01-13,SHIPPED,South
144,456.0,2024-08-11,RETURNED,East
145,4.0,2025-05-07,PLACED,North
146,270.0,2025-07-16,PLACED,West
147,379.0,2025-08-28,PLACED,South
148,157.0,2024-11-22,SHIPPED,West
149,286.0,2025-01-08,SHIPPED,South
150,238.0,2025-07-13,DELIVERED,West
151,274.0,2025-05-07,RETURNED,North
152,120.0,2026-06-06,RETURNED,West
153,106.0,2024-12-07,CANCELLED,South
154,176.0,2026-05-30,SHIPPED,South
155,186.0,2025-06-25,DELIVERED,South
156,456.0,2025-07-08,DELIVERED,South
157,77.0,2024-07-24,CANCELLED,West
158,442.0,2026-03-29,PLACED,South
159,500.0,2024-10-19,CANCELLED,West
161,451.0,2026-03-16,DELIVERED,North
162,462.0,2025-08-14,RETURNED,South
163,410.0,2025-05-19,DELIVERED,West
164,97.0,2024-08-30,SHIPPED,North
165,349.0,2025-10-24,RETURNED,East
166,253.0,2024-07-16,PLACED,East
167,118.0,2026-11-01,SHIPPED,South
168,275.0,2025-01-10,DELIVERED,North
169,123.0,2025-12-16,SHIPPED,South
170,289.0,2026-05-17,SHIPPED,South
171,380.0,2024-09-27,SHIPPED,South
172,443.0,2024-09-11,DELIVERED,North
173,309.0,2025-10-09,CANCELLED,South
174,176.0,2026-07-14,CANCELLED,East
175,68.0,2026-04-07,CANCELLED,West
176,4.0,2025-12-20,DELIVERED,East
177,420.0,2025-05-26,CANCELLED,West
178,177.0,2024-10-21,DELIVERED,North
179,18.0,2025-12-18,CANCELLED,East
181,478.0,2024-08-05,CANCELLED,East
182,365.0,2025-10-22,SHIPPED,West
183,295.0,2024-09-11,DELIVERED,West
185,79.0,2025-11-27,CANCELLED,South
186,9.0,2025-08-28,DELIVERED,North
187,367.0,2024-10-20,SHIPPED,North
188,245.0,2024-11-17,PLACED,North
189,37.0,2025-01-15,DELIVERED,East
190,96.0,2026-02-12,SHIPPED,West
191,347.0,2025-01-16,CANCELLED,North
192,210.0,2024-10-18,PLACED,West
193,64.0,2024-09-16,PLACED,South
194,36.0,2025-08-14,SHIPPED,West
195,158.0,2026-07-06,DELIVERED,South
196,18.0,2026-02-07,PLACED,North
197,491.0,2024-12-18,CANCELLED,East
198,133.0,2026-02-15,DELIVERED,East
199,197.0,2025-03-25,RETURNED,South
200,339.0,2025-02-22,PLACED,North
201,366.0,2025-01-10,PLACED,South
202,62.0,2026-06-15,SHIPPED,North
203,228.0,2025-01-09,DELIVERED,South
205,199.0,2024-09-01,CANCELLED,East
206,73.0,2025-02-01,DELIVERED,South
207,387.0,2026-02-19,CANCELLED,West
208,54.0,2026-05-21,RETURNED,East
209,249.0,2025-07-10,DELIVERED,East
210,249.0,2024-12-09,CANCELLED,West
211,123.0,2026-01-06,RETURNED,North
212,223.0,2024-09-10,PLACED,South
213,299.0,2024-09-15,PLACED,West
214,349.0,2025-12-07,CANCELLED,North
215,121.0,2026-01-09,PLACED,South
216,478.0,2025-02-12,DELIVERED,East
217,325.0,2025-08-18,DELIVERED,North
218,141.0,2024-08-27,DELIVERED,North
219,417.0,2025-07-27,DELIVERED,East
221,244.0,2025-05-24,DELIVERED,West
222,26.0,2025-05-14,CANCELLED,East
223,366.0,2024-08-13,RETURNED,West
224,103.0,2025-12-06,PLACED,North
225,449.0,2024-09-25,CANCELLED,West
226,295.0,2025-11-29,PLACED,East
227,110.0,2025-09-11,RETURNED,East
228,319.0,2026-01-11,SHIPPED,East
229,165.0,2024-10-09,SHIPPED,North
230,128.0,2025-07-26,DELIVERED,East
231,366.0,2025-01-13,PLACED,East
232,498.0,2024-12-27,DELIVERED,South
233,224.0,2025-03-22,SHIPPED,South
234,312.0,2024-12-14,DELIVERED,South
236,124.0,2026-07-16,SHIPPED,South
238,212.0,2026-04-19,CANCELLED,North
239,116.0,2026-05-12,DELIVERED,West
240,98.0,2025-02-19,RETURNED,West
241,237.0,2024-12-03,PLACED,North
242,246.0,2025-07-10,RETURNED,West
243,392.0,2025-08-13,DELIVERED,West
244,51.0,2025-12-19,SHIPPED,West
245,256.0,2025-08-27,SHIPPED,South
246,307.0,2024-12-26,SHIPPED,North
247,226.0,2025-01-12,CANCELLED,West
248,105.0,2026-05-02,DELIVERED,South
249,36.0,2026-03-18,DELIVERED,West
250,462.0,2026-05-29,RETURNED,East
251,500.0,2025-04-24,CANCELLED,East
252,458.0,2024-12-13,PLACED,South
253,342.0,2025-01-30,SHIPPED,West
254,395.0,2025-09-17,PLACED,West
255,177.0,2024-11-06,RETURNED,South
256,60.0,2025-08-29,RETURNED,East
257,326.0,2026-01-07,RETURNED,East
258,416.0,2025-05-04,PLACED,West
259,240.0,2025-08-17,CANCELLED,East
260,212.0,2026-01-30,PLACED,West
261,10.0,2026-01-05,SHIPPED,North
263,128.0,2024-11-18,CANCELLED,East
264,347.0,2024-12-08,PLACED,West
265,474.0,2026-05-04,RETURNED,East
266,284.0,2024-09-27,PLACED,West
267,367.0,2026-03-19,SHIPPED,North
268,25.0,2025-02-08,PLACED,East
269,118.0,2024-08-03,RETURNED,North
270,275.0,2025-04-04,DELIVERED,East
271,130.0,2025-09-05,DELIVERED,South
272,300.0,2026-06-03,SHIPPED,West
274,433.0,2025-02-26,DELIVERED,North
275,76.0,2024-08-20,SHIPPED,North
278,193.0,2025-11-26,RETURNED,North
279,100.0,2025-01-25,DELIVERED,North
280,342.0,2025-04-13,PLACED,East
281,380.0,2026-02-24,RETURNED,North
282,371.0,2026-07-02,DELIVERED,East
283,107.0,2026-07-01,DELIVERED,South
284,307.0,2025-05-27,RETURNED,South
285,35.0,2025-05-29,PLACED,East
286,383.0,2026-01-02,SHIPPED,North
287,313.0,2025-02-04,CANCELLED,West
288,277.0,2025-03-21,PLACED,West
289,25.0,2026-02-26,PLACED,East
290,388.0,2024-10-26,SHIPPED,South
291,398.0,2025-08-31,PLACED,South
292,44.0,2024-07-17,SHIPPED,East
293,110.0,2026-03-01,DELIVERED,South
294,21.0,2024-10-03,DELIVERED,South
295,465.0,2025-08-21,CANCELLED,West
296,370.0,2024-12-01,CANCELLED,East
297,316.0,2025-08-26,DELIVERED,South
298,72.0,2026-05-27,CANCELLED,South
299,154.0,2025-03-05,CANCELLED,South
300,231.0,2026-05-09,PLACED,East
301,321.0,2025-02-08,PLACED,East
302,397.0,2025-09-02,RETURNED,East
303,343.0,2025-06-03,CANCELLED,East
304,490.0,2025-12-12,RETURNED,West
306,313.0,2025-07-22,SHIPPED,West
307,172.0,2026-04-14,RETURNED,North
308,8.0,2025-07-20,CANCELLED,South
309,199.0,2025-06-16,CANCELLED,East
310,246.0,2026-01-19,CANCELLED,South
311,400.0,2025-02-18,CANCELLED,West
312,304.0,2025-02-06,RETURNED,North
313,103.0,2025-11-22,PLACED,East
314,326.0,2025-12-18,DELIVERED,North
315,166.0,2025-03-11,CANCELLED,East
316,460.0,2024-09-30,DELIVERED,South
317,103.0,2025-04-21,DELIVERED,East
318,43.0,2026-04-27,DELIVERED,South
319,395.0,2025-06-03,RETURNED,South
320,474.0,2026-05-10,SHIPPED,East
322,207.0,2024-07-23,SHIPPED,North
323,391.0,2026-01-22,SHIPPED,East
324,251.0,2024-07-09,SHIPPED,North
325,318.0,2026-01-02,SHIPPED,East
326,352.0,2025-09-07,RETURNED,North
327,380.0,2025-08-25,CANCELLED,North
328,382.0,2025-03-03,RETURNED,North
329,439.0,2025-08-08,SHIPPED,North
330,158.0,2026-02-14,CANCELLED,North
331,207.0,2024-08-04,DELIVERED,South
332,269.0,2025-03-22,CANCELLED,North
333,310.0,2025-06-20,SHIPPED,West
334,403.0,2025-08-25,CANCELLED,South
335,394.0,2026-02-11,RETURNED,North
336,375.0,2026-02-13,SHIPPED,East
337,239.0,2024-10-21,SHIPPED,West
338,440.0,2026-02-25,CANCELLED,East
339,167.0,2026-05-14,SHIPPED,South
340,410.0,2025-08-25,RETURNED,West
341,26.0,2025-10-28,SHIPPED,West
342,231.0,2025-06-18,PLACED,North
343,197.0,2025-03-11,PLACED,East
344,118.0,2024-10-29,PLACED,North
345,158.0,2025-05-19,SHIPPED,West
347,186.0,2025-01-15,CANCELLED,East
348,270.0,2024-08-29,DELIVERED,South
349,67.0,2025-05-26,CANCELLED,West
350,362.0,2026-07-02,PLACED,East
351,315.0,2024-11-17,DELIVERED,North
352,242.0,2025-06-01,DELIVERED,West
353,283.0,2026-07-10,RETURNED,South
354,29.0,2025-02-11,SHIPPED,North
355,48.0,2025-02-15,CANCELLED,West
356,47.0,2025-01-01,CANCELLED,West
357,72.0,2026-05-19,DELIVERED,South
358,429.0,2026-03-30,CANCELLED,North
359,485.0,2026-04-23,SHIPPED,West
360,148.0,2025-07-25,DELIVERED,East
361,274.0,2025-01-24,PLACED,East
362,317.0,2024-12-29,DELIVERED,North
363,198.0,2026-03-19,CANCELLED,East
364,110.0,2025-06-07,PLACED,West
365,479.0,2026-03-27,RETURNED,West
366,45.0,2024-11-11,SHIPPED,East
367,154.0,2024-10-08,SHIPPED,West
368,474.0,2025-04-15,PLACED,North
369,266.0,2025-05-26,RETURNED,South
371,265.0,2024-08-09,PLACED,South
372,330.0,2026-03-16,CANCELLED,North
373,113.0,2025-09-23,CANCELLED,East
374,299.0,2025-03-01,RETURNED,North
376,182.0,2024-07-23,PLACED,East
377,402.0,2025-11-07,PLACED,South
378,263.0,2025-03-09,RETURNED,West
379,435.0,2025-08-01,CANCELLED,West
380,424.0,2025-09-26,PLACED,West
381,112.0,2025-05-03,DELIVERED,North
382,99.0,2025-04-22,SHIPPED,West
383,85.0,2024-10-08,SHIPPED,West
384,324.0,2024-08-16,CANCELLED,North
385,421.0,2024-10-22,SHIPPED,East
386,308.0,2025-03-24,RETURNED,South
387,416.0,2024-10-08,RETURNED,North
388,42.0,2024-08-03,SHIPPED,West
389,34.0,2024-10-05,PLACED,East
390,78.0,2024-10-20,PLACED,East
391,144.0,2025-11-24,PLACED,South
392,370.0,2025-03-08,DELIVERED,West
393,439.0,2024-07-22,SHIPPED,North
394,409.0,2026-01-01,DELIVERED,East
395,102.0,2026-03-11,CANCELLED,West
396,392.0,2026-01-15,CANCELLED,South
397,218.0,2025-07-22,SHIPPED,East
398,369.0,2026-06-27,RETURNED,West
399,153.0,2024-08-29,SHIPPED,West
400,250.0,2026-06-01,DELIVERED,North
401,348.0,2025-05-07,CANCELLED,South
402,48.0,2026-04-16,CANCELLED,South
403,85.0,2024-08-13,CANCELLED,East
404,334.0,2026-06-08,PLACED,West
405,481.0,2025-11-26,DELIVERED,South
406,431.0,2025-10-10,CANCELLED,West
407,388.0,2026-02-19,PLACED,West
408,129.0,2025-09-05,DELIVERED,East
409,162.0,2025-07-24,SHIPPED,South
410,366.0,2025-04-29,DELIVERED,North
411,2.0,2025-07-02,DELIVERED,South
412,349.0,2026-01-28,PLACED,South
413,69.0,2025-04-23,DELIVERED,West
414,116.0,2026-05-20,PLACED,East
415,287.0,2025-12-12,DELIVERED,East
416,241.0,2025-08-29,RETURNED,North
417,421.0,2026-06-08,RETURNED,South
418,350.0,2025-04-21,DELIVERED,East
419,366.0,2025-10-09,SHIPPED,North
420,464.0,2025-07-07,DELIVERED,West
421,76.0,2025-07-05,PLACED,West
422,158.0,2024-11-13,CANCELLED,South
423,282.0,2025-01-31,DELIVERED,South
424,314.0,2025-10-12,SHIPPED,North
425,389.0,2024-12-22,PLACED,West
426,133.0,2026-03-15,DELIVERED,East
427,30.0,2025-08-29,RETURNED,East
428,60.0,2024-11-13,CANCELLED,East
429,101.0,2025-10-15,RETURNED,South
430,430.0,2024-08-14,RETURNED,East
431,375.0,2025-05-29,PLACED,North
432,297.0,2025-04-03,RETURNED,South
433,24.0,2025-04-16,SHIPPED,West
434,283.0,2026-05-31,PLACED,South
436,459.0,2025-04-08,PLACED,North
437,276.0,2025-01-12,PLACED,South
438,201.0,2025-07-25,SHIPPED,North
439,461.0,2024-08-23,PLACED,West
440,117.0,2025-07-17,DELIVERED,East
441,104.0,2026-05-07,DELIVERED,East
442,373.0,2026-05-29,PLACED,North
443,281.0,2026-02-25,CANCELLED,North
444,464.0,2025-04-28,PLACED,East
445,81.0,2025-08-03,SHIPPED,South
446,442.0,2025-04-13,RETURNED,North
447,330.0,2025-01-23,CANCELLED,East
448,455.0,2025-08-12,CANCELLED,North
449,169.0,2025-02-26,SHIPPED,West
450,201.0,2026-01-08,CANCELLED,West
451,447.0,2026-01-18,RETURNED,North
452,130.0,2025-12-27,PLACED,North
453,432.0,2026-05-11,DELIVERED,West
454,9.0,2026-08-02,DELIVERED,South
455,480.0,2024-09-18,SHIPPED,East
456,175.0,2024-11-17,RETURNED,South
457,186.0,2025-04-06,SHIPPED,East
458,201.0,2025-01-15,RETURNED,East
459,270.0,2024-09-26,DELIVERED,South
460,295.0,2026-01-21,PLACED,South
461,124.0,2025-11-07,CANCELLED,West
462,362.0,2024-10-11,PLACED,West
463,439.0,2025-05-12,PLACED,North
464,247.0,2025-03-14,SHIPPED,East
465,21.0,2026-01-10,PLACED,South
466,57.0,2025-01-30,PLACED,South
467,412.0,2025-08-28,DELIVERED,East
469,73.0,2025-01-30,DELIVERED,East
470,481.0,2025-09-29,PLACED,South
471,237.0,2026-03-03,RETURNED,West
472,48.0,2025-02-28,PLACED,South
473,98.0,2025-09-06,RETURNED,North
474,102.0,2025-06-05,DELIVERED,East
475,148.0,2025-10-20,CANCELLED,East
476,463.0,2025-09-13,CANCELLED,West
477,460.0,2026-04-10,DELIVERED,South
478,459.0,2025-12-03,CANCELLED,West
479,252.0,2026-06-20,CANCELLED,South
480,302.0,2025-07-24,CANCELLED,West
481,333.0,2025-09-05,DELIVERED,North
482,480.0,2026-05-24,SHIPPED,West
483,34.0,2025-03-19,CANCELLED,South
484,349.0,2024-08-07,SHIPPED,West
485,345.0,2025-01-24,SHIPPED,East
486,344.0,2025-06-01,PLACED,South
487,122.0,2025-11-01,RETURNED,East
488,3.0,2026-06-30,PLACED,East
489,412.0,2025-02-16,RETURNED,East
490,305.0,2026-05-22,DELIVERED,East
491,321.0,2025-08-13,RETURNED,East
492,258.0,2025-09-28,RETURNED,East
493,260.0,2024-10-03,CANCELLED,South
494,151.0,2025-04-08,DELIVERED,East
495,203.0,2026-01-30,RETURNED,West
497,394.0,2026-04-02,RETURNED,North
498,365.0,2024-11-24,DELIVERED,West
499,424.0,2025-04-13,SHIPPED,East
500,322.0,2024-08-11,PLACED,East
501,246.0,2026-04-25,CANCELLED,North
502,43.0,2025-10-07,PLACED,North
503,5.0,2025-03-27,CANCELLED,West
504,225.0,2025-12-21,PLACED,South
506,87.0,2024-10-21,PLACED,West
507,237.0,2026-03-06,DELIVERED,North
508,448.0,2025-10-22,RETURNED,West
509,273.0,2024-10-17,SHIPPED,West
510,407.0,2025-02-19,PLACED,East
511,395.0,2026-03-30,DELIVERED,East
512,422.0,2026-01-15,PLACED,South
513,41.0,2026-07-10,SHIPPED,West
514,364.0,2026-03-24,PLACED,West
515,431.0,2025-09-15,RETURNED,East
516,46.0,2024-07-25,DELIVERED,East
517,183.0,2024-08-06,SHIPPED,East
518,190.0,2026-01-05,RETURNED,South
519,373.0,2025-02-01,SHIPPED,West
520,354.0,2026-07-03,PLACED,South
522,261.0,2025-10-08,PLACED,South
523,382.0,2025-05-12,DELIVERED,North
524,430.0,2026-01-05,RETURNED,North
525,50.0,2024-12-30,CANCELLED,North
526,370.0,2024-11-11,RETURNED,East
527,76.0,2026-03-18,DELIVERED,West
528,205.0,2026-06-19,CANCELLED,East
529,173.0,2024-12-12,SHIPPED,East
530,457.0,2025-08-13,DELIVERED,East
531,176.0,2026-07-09,CANCELLED,East
532,421.0,2025-01-24,CANCELLED,North
533,108.0,2025-11-28,CANCELLED,East
534,275.0,2025-03-27,SHIPPED,East
535,450.0,2025-12-31,SHIPPED,South
536,181.0,2025-12-29,CANCELLED,West
537,64.0,2025-12-23,PLACED,West
538,175.0,2025-08-19,DELIVERED,South
539,441.0,2026-05-05,PLACED,East
540,487.0,2024-11-05,PLACED,North
541,104.0,2024-08-15,DELIVERED,South
542,203.0,2024-12-22,DELIVERED,South
543,483.0,2025-12-21,PLACED,South
544,398.0,2025-05-09,CANCELLED,North
545,291.0,2024-10-05,CANCELLED,South
546,300.0,2025-11-16,SHIPPED,East
547,367.0,2025-03-09,CANCELLED,West
548,68.0,2025-02-23,PLACED,North
549,62.0,2025-12-04,SHIPPED,North
550,239.0,2024-08-25,PLACED,North
551,155.0,2026-03-08,PLACED,North
552,216.0,2026-02-10,CANCELLED,South
553,435.0,2024-10-09,DELIVERED,North
554,421.0,2025-07-15,PLACED,South
555,14.0,2026-04-17,DELIVERED,East
556,68.0,2025-03-03,DELIVERED,South
557,202.0,2026-05-05,PLACED,West
558,490.0,2026-01-30,RETURNED,West
559,351.0,2024-12-23,SHIPPED,North
560,249.0,2025-10-11,SHIPPED,North
561,31.0,2025-10-12,DELIVERED,East
562,305.0,2026-04-23,SHIPPED,North
563,70.0,2025-11-23,CANCELLED,South
564,342.0,2026-04-09,RETURNED,South
565,307.0,2025-01-24,CANCELLED,South
566,38.0,2026-06-15,DELIVERED,West
567,147.0,2024-09-16,CANCELLED,East
568,89.0,2025-09-18,DELIVERED,North
570,392.0,2024-07-19,SHIPPED,South
571,210.0,2024-10-31,RETURNED,West
572,91.0,2025-02-08,SHIPPED,South
573,81.0,2026-05-17,DELIVERED,South
574,210.0,2024-11-06,SHIPPED,North
575,111.0,2026-03-24,DELIVERED,North
576,152.0,2025-11-26,PLACED,West
577,249.0,2025-06-29,PLACED,West
578,154.0,2025-11-03,CANCELLED,East
579,154.0,2025-11-12,PLACED,South
580,63.0,2026-04-13,CANCELLED,North
581,27.0,2026-05-18,DELIVERED,North
582,320.0,2026-01-25,CANCELLED,South
583,349.0,2024-12-22,SHIPPED,North
584,62.0,2025-12-26,PLACED,South
585,297.0,2024-12-20,DELIVERED,West
586,259.0,2024-09-20,RETURNED,West
587,429.0,2025-09-26,CANCELLED,South
588,406.0,2024-09-26,DELIVERED,West
589,173.0,2025-12-18,CANCELLED,East
590,140.0,2025-03-30,SHIPPED,North
592,429.0,2025-04-16,RETURNED,South
593,298.0,2025-01-20,PLACED,South
594,452.0,2025-08-20,PLACED,West
595,438.0,2024-12-30,RETURNED,South
596,394.0,2026-06-30,DELIVERED,South
597,121.0,2025-08-10,DELIVERED,South
600,114.0,2025-10-19,CANCELLED,South
601,266.0,2026-06-06,CANCELLED,West
602,146.0,2026-03-08,PLACED,East
603,256.0,2024-09-19,RETURNED,West
604,383.0,2025-01-20,DELIVERED,North
605,175.0,2024-10-31,CANCELLED,North
606,94.0,2024-09-07,DELIVERED,North
607,392.0,2025-05-04,SHIPPED,West
608,181.0,2025-08-14,DELIVERED,South
609,452.0,2025-06-06,CANCELLED,East
610,58.0,2024-11-28,CANCELLED,South
611,366.0,2024-12-06,PLACED,East
612,194.0,2025-10-31,RETURNED,South
613,144.0,2024-09-15,PLACED,East
614,328.0,2025-09-07,RETURNED,East
615,313.0,2024-10-08,DELIVERED,South
616,206.0,2026-01-29,RETURNED,South
617,103.0,2024-07-20,PLACED,North
618,290.0,2024-09-24,CANCELLED,North
619,408.0,2024-11-18,CANCELLED,East
621,465.0,2025-07-26,SHIPPED,East
622,296.0,2024-07-22,PLACED,West
623,103.0,2026-01-24,RETURNED,North
624,39.0,2024-07-18,SHIPPED,East
625,372.0,2024-12-06,SHIPPED,West
626,301.0,2025-01-13,PLACED,West
627,38.0,2025-03-23,DELIVERED,North
628,443.0,2025-05-14,CANCELLED,West
629,64.0,2025-07-14,RETURNED,East
630,32.0,2026-05-17,RETURNED,West
631,435.0,2024-09-21,DELIVERED,East
632,317.0,2024-09-22,SHIPPED,North
633,48.0,2024-09-18,SHIPPED,West
634,39.0,2025-07-02,DELIVERED,South
635,206.0,2025-08-17,PLACED,West
636,410.0,2025-12-21,DELIVERED,South
637,366.0,2026-05-13,RETURNED,North
638,401.0,2025-06-05,DELIVERED,South
639,312.0,2025-01-15,SHIPPED,South
640,128.0,2025-12-25,CANCELLED,South
641,63.0,2024-08-19,PLACED,North
642,460.0,2025-11-20,SHIPPED,East
643,262.0,2025-05-15,RETURNED,West
644,254.0,2025-12-31,DELIVERED,South
645,68.0,2024-08-21,SHIPPED,West
646,500.0,2026-05-07,DELIVERED,East
647,301.0,2025-03-19,SHIPPED,South
648,271.0,2025-08-24,RETURNED,North
649,343.0,2024-10-14,PLACED,South
650,185.0,2025-06-05,CANCELLED,West
651,204.0,2026-05-13,PLACED,North
653,293.0,2024-11-03,SHIPPED,East
654,204.0,2026-04-12,DELIVERED,South
655,240.0,2025-01-24,DELIVERED,West
656,112.0,2024-09-15,PLACED,East
657,185.0,2025-01-07,RETURNED,East
658,159.0,2025-05-30,PLACED,South
659,93.0,2025-01-12,SHIPPED,West
660,402.0,2026-04-13,CANCELLED,South
661,31.0,2024-11-02,RETURNED,East
662,194.0,2025-07-21,CANCELLED,West
663,314.0,2025-08-01,SHIPPED,West
664,6.0,2025-04-18,SHIPPED,South
665,158.0,2025-07-31,CANCELLED,North
666,250.0,2024-11-28,RETURNED,South
667,301.0,2025-12-30,PLACED,East
668,395.0,2026-05-25,DELIVERED,West
669,418.0,2026-07-02,SHIPPED,East
674,50.0,2025-03-18,DELIVERED,East
675,176.0,2025-11-06,SHIPPED,East
676,242.0,2024-09-23,CANCELLED,South
677,305.0,2025-03-26,SHIPPED,North
678,426.0,2026-01-15,DELIVERED,East
679,249.0,2026-02-05,PLACED,East
680,93.0,2026-06-11,PLACED,North
682,247.0,2025-05-13,CANCELLED,South
683,36.0,2026-01-22,CANCELLED,South
684,306.0,2025-10-24,PLACED,East
685,107.0,2025-09-05,SHIPPED,North
686,131.0,2024-10-06,RETURNED,South
687,358.0,2025-08-06,DELIVERED,South
688,227.0,2024-11-30,CANCELLED,South
689,304.0,2024-10-17,PLACED,North
690,437.0,2026-05-14,CANCELLED,West
691,273.0,2025-01-14,SHIPPED,West
692,459.0,2026-05-23,RETURNED,North
693,238.0,2026-03-21,RETURNED,North
695,369.0,2024-11-03,RETURNED,North
696,87.0,2025-05-02,DELIVERED,North
697,430.0,2026-06-04,SHIPPED,West
698,359.0,2025-10-03,PLACED,North
699,229.0,2025-09-14,DELIVERED,South
700,121.0,2026-06-25,CANCELLED,South
701,77.0,2026-01-01,SHIPPED,North
702,265.0,2025-02-09,PLACED,West
703,280.0,2024-12-11,RETURNED,West
704,10.0,2026-04-18,PLACED,East
705,452.0,2026-05-24,DELIVERED,West
707,180.0,2026-07-06,SHIPPED,West
708,389.0,2024-08-20,PLACED,North
709,107.0,2026-01-24,SHIPPED,East
710,368.0,2025-08-01,CANCELLED,North
711,300.0,2026-03-09,RETURNED,West
712,84.0,2025-08-25,SHIPPED,West
713,277.0,2025-10-17,DELIVERED,North
714,25.0,2025-11-26,RETURNED,North
715,367.0,2025-07-23,DELIVERED,North
716,288.0,2025-04-25,DELIVERED,West
717,30.0,2026-12-02,PLACED,East
718,176.0,2026-06-30,SHIPPED,North
719,4.0,2026-01-12,RETURNED,East
720,269.0,2024-12-20,SHIPPED,East
721,386.0,2025-04-30,DELIVERED,East
722,394.0,2025-01-26,SHIPPED,South
723,366.0,2025-03-07,CANCELLED,East
724,37.0,2025-07-18,DELIVERED,South
725,322.0,2026-06-19,PLACED,West
726,439.0,2024-09-14,SHIPPED,South
727,276.0,2024-08-29,SHIPPED,East
728,246.0,2026-03-11,RETURNED,West
729,12.0,2025-05-24,DELIVERED,North
730,318.0,2025-07-22,CANCELLED,North
731,284.0,2024-10-06,SHIPPED,West
732,96.0,2024-12-21,DELIVERED,East
733,395.0,2025-07-16,PLACED,North
734,421.0,2025-04-07,DELIVERED,South
735,255.0,2024-12-18,CANCELLED,West
736,488.0,2025-04-27,RETURNED,West
737,425.0,2024-12-04,PLACED,South
738,455.0,2026-03-25,PLACED,East
739,308.0,2026-01-18,DELIVERED,East
740,283.0,2024-08-09,RETURNED,East
741,54.0,2025-01-19,SHIPPED,North
742,97.0,2024-12-10,SHIPPED,South
743,123.0,2026-01-13,RETURNED,North
744,144.0,2024-08-07,SHIPPED,East
746,265.0,2026-02-25,DELIVERED,West
747,350.0,2025-11-13,PLACED,West
748,388.0,2025-03-15,SHIPPED,West
749,310.0,2025-09-15,SHIPPED,South
750,484.0,2025-08-11,RETURNED,South
751,483.0,2025-07-26,PLACED,East
752,319.0,2024-09-06,PLACED,East
753,180.0,2025-05-16,SHIPPED,East
754,474.0,2025-01-21,DELIVERED,West
755,158.0,2025-01-13,RETURNED,South
756,309.0,2025-02-11,PLACED,West
757,111.0,2026-06-20,CANCELLED,East
758,179.0,2025-03-11,SHIPPED,North
759,454.0,2026-02-16,DELIVERED,North
761,214.0,2026-07-03,SHIPPED,East
762,454.0,2024-12-17,DELIVERED,East
763,29.0,2026-07-10,SHIPPED,East
764,82.0,2026-02-09,DELIVERED,South
765,156.0,2025-01-15,DELIVERED,West
766,375.0,2025-02-01,CANCELLED,North
767,293.0,2025-11-20,RETURNED,South
768,408.0,2025-05-29,RETURNED,North
769,178.0,2024-12-31,CANCELLED,North
770,427.0,2024-11-30,SHIPPED,East
771,26.0,2024-08-16,PLACED,North
772,14.0,2025-01-28,CANCELLED,East
773,17.0,2024-09-23,RETURNED,East
774,21.0,2025-02-12,SHIPPED,East
775,176.0,2025-01-13,PLACED,East
776,324.0,2024-11-04,CANCELLED,East
777,495.0,2026-04-23,PLACED,West
778,162.0,2024-12-27,SHIPPED,East
779,115.0,2026-03-03,CANCELLED,West
780,175.0,2025-12-15,CANCELLED,South
781,348.0,2026-05-04,PLACED,East
782,172.0,2026-05-03,DELIVERED,East
783,430.0,2024-07-30,RETURNED,North
784,441.0,2025-08-12,PLACED,East
785,135.0,2024-12-24,RETURNED,South
786,421.0,2025-02-18,CANCELLED,West
787,54.0,2025-05-04,SHIPPED,North
788,307.0,2025-05-08,RETURNED,West
789,107.0,2026-07-15,RETURNED,West
790,484.0,2026-04-29,SHIPPED,West
791,162.0,2025-12-31,RETURNED,West
792,455.0,2026-06-22,SHIPPED,West
793,285.0,2026-02-10,DELIVERED,North
794,285.0,2025-03-02,PLACED,North
795,467.0,2025-07-01,PLACED,West
796,279.0,2026-05-15,CANCELLED,North
797,466.0,2024-12-04,SHIPPED,East
798,405.0,2024-09-12,SHIPPED,East
799,25.0,2025-01-21,RETURNED,East
800,340.0,2024-08-17,RETURNED,South
801,472.0,2025-11-04,PLACED,South
802,256.0,2026-05-21,RETURNED,East
803,300.0,2025-12-06,DELIVERED,North
804,272.0,2025-04-29,DELIVERED,East
805,461.0,2025-01-24,CANCELLED,South
806,339.0,2024-12-02,SHIPPED,North
807,301.0,2024-11-25,PLACED,North
808,109.0,2025-01-10,DELIVERED,North
809,378.0,2024-12-31,DELIVERED,North
810,184.0,2026-04-13,RETURNED,South
811,49.0,2025-02-18,CANCELLED,North
812,280.0,2025-05-31,DELIVERED,South
813,282.0,2026-02-24,RETURNED,South
815,337.0,2025-01-19,SHIPPED,South
816,321.0,2025-04-12,RETURNED,North
817,434.0,2025-05-22,PLACED,North
818,497.0,2026-05-26,DELIVERED,West
819,481.0,2025-09-01,RETURNED,South
820,474.0,2025-05-06,CANCELLED,South
821,198.0,2025-10-08,CANCELLED,North
822,286.0,2025-05-28,RETURNED,West
823,225.0,2025-09-27,CANCELLED,North
824,391.0,2025-12-18,PLACED,South
825,59.0,2024-08-19,SHIPPED,West
827,260.0,2025-06-17,SHIPPED,West
828,285.0,2026-05-08,SHIPPED,North
829,439.0,2024-10-23,SHIPPED,South
830,464.0,2024-11-30,DELIVERED,South
832,399.0,2026-04-17,DELIVERED,West
833,364.0,2026-03-13,RETURNED,South
834,420.0,2024-12-25,PLACED,North
835,16.0,2025-12-12,RETURNED,North
836,114.0,2025-06-12,PLACED,East
837,212.0,2025-01-12,SHIPPED,West
838,370.0,2025-07-14,SHIPPED,West
839,216.0,2026-04-15,SHIPPED,South
840,19.0,2025-05-26,DELIVERED,West
841,356.0,2025-01-20,CANCELLED,South
842,135.0,2025-02-09,PLACED,West
843,378.0,2026-02-04,PLACED,South
844,467.0,2026-06-09,SHIPPED,North
846,408.0,2025-10-04,DELIVERED,West
847,244.0,2025-12-03,CANCELLED,South
848,473.0,2025-08-27,CANCELLED,South
849,451.0,2025-07-27,RETURNED,North
850,9.0,2024-11-07,SHIPPED,South
851,274.0,2025-05-06,DELIVERED,South
852,74.0,2025-06-30,DELIVERED,West
853,23.0,2024-12-09,RETURNED,South
854,353.0,2025-12-18,RETURNED,East
855,114.0,2025-05-26,RETURNED,East
856,384.0,2024-11-28,CANCELLED,West
857,251.0,2026-05-13,CANCELLED,North
859,475.0,2024-09-29,RETURNED,South
860,309.0,2026-01-07,PLACED,North
861,451.0,2024-10-31,RETURNED,East
862,29.0,2024-11-01,PLACED,North
863,476.0,2025-03-20,CANCELLED,East
864,66.0,2025-10-24,CANCELLED,South
865,492.0,2026-06-28,RETURNED,South
867,379.0,2026-01-12,RETURNED,South
868,56.0,2024-11-04,PLACED,West
869,34.0,2025-07-18,RETURNED,South
870,277.0,2024-07-21,CANCELLED,East
871,411.0,2025-12-03,PLACED,South
872,481.0,2026-06-02,SHIPPED,South
873,484.0,2025-01-15,CANCELLED,North
874,171.0,2026-07-15,SHIPPED,South
875,59.0,2026-02-17,DELIVERED,North
877,220.0,2026-05-11,CANCELLED,South
878,471.0,2026-04-02,PLACED,North
879,373.0,2024-08-24,CANCELLED,North
880,262.0,2025-09-27,SHIPPED,North
881,335.0,2025-03-11,SHIPPED,South
882,80.0,2025-05-13,DELIVERED,South
883,412.0,2024-10-10,CANCELLED,West
884,140.0,2026-05-16,RETURNED,East
885,219.0,2024-08-08,DELIVERED,East
886,469.0,2025-11-12,DELIVERED,North
887,240.0,2025-12-16,RETURNED,North
888,220.0,2025-11-11,SHIPPED,North
889,355.0,2026-02-12,PLACED,East
890,40.0,2026-04-24,DELIVERED,West
891,414.0,2024-10-03,SHIPPED,East
892,302.0,2025-08-27,CANCELLED,West
893,428.0,2025-09-05,RETURNED,West
894,212.0,2025-10-20,SHIPPED,West
895,335.0,2024-08-02,RETURNED,West
896,218.0,2025-04-03,DELIVERED,South
897,372.0,2024-11-13,PLACED,South
898,301.0,2025-12-28,DELIVERED,North
899,460.0,2026-02-12,CANCELLED,West
900,146.0,2026-05-25,SHIPPED,South
901,411.0,2026-03-26,SHIPPED,East
902,176.0,2026-01-14,RETURNED,South
903,376.0,2024-10-21,RETURNED,South
904,206.0,2024-09-20,PLACED,South
905,96.0,2026-04-08,CANCELLED,North
906,117.0,2024-08-03,RETURNED,North
907,95.0,2025-06-29,PLACED,East
908,441.0,2025-07-14,CANCELLED,South
909,118.0,2025-04-27,SHIPPED,West
910,223.0,2025-08-08,DELIVERED,South
911,289.0,2024-09-23,RETURNED,West
912,479.0,2026-02-21,PLACED,East
913,163.0,2025-03-24,DELIVERED,South
914,283.0,2026-04-15,CANCELLED,East
915,165.0,2026-05-27,DELIVERED,South
916,181.0,2024-07-31,RETURNED,North
917,108.0,2024-09-15,PLACED,North
918,26.0,2025-04-25,DELIVERED,East
920,188.0,2026-02-23,CANCELLED,West
921,310.0,2025-03-28,RETURNED,West
922,320.0,2025-12-15,DELIVERED,South
923,238.0,2026-02-13,SHIPPED,South
924,32.0,2025-11-06,CANCELLED,North
925,317.0,2025-06-04,DELIVERED,North
926,216.0,2025-08-13,DELIVERED,East
927,464.0,2025-11-29,SHIPPED,West
928,23.0,2025-08-02,SHIPPED,East
929,206.0,2025-02-12,SHIPPED,East
931,30.0,2026-07-02,CANCELLED,West
932,317.0,2024-09-23,SHIPPED,North
933,324.0,2025-01-31,DELIVERED,North
934,203.0,2024-07-23,CANCELLED,West
936,277.0,2025-11-25,CANCELLED,West
937,127.0,2025-02-25,SHIPPED,South
938,474.0,2025-03-05,RETURNED,West
939,475.0,2026-04-21,RETURNED,North
940,75.0,2025-01-01,DELIVERED,North
941,227.0,2025-05-15,PLACED,South
942,129.0,2026-05-07,CANCELLED,South
943,193.0,2026-04-20,DELIVERED,East
944,293.0,2026-05-01,RETURNED,South
945,13.0,2025-03-23,CANCELLED,East
946,119.0,2024-10-17,CANCELLED,North
947,304.0,2024-09-13,RETURNED,North
948,1.0,2025-07-05,RETURNED,East
949,493.0,2025-04-09,CANCELLED,West
951,156.0,2025-07-13,CANCELLED,East
952,383.0,2024-08-21,CANCELLED,East
953,335.0,2025-01-18,SHIPPED,North
954,334.0,2025-08-12,SHIPPED,West
955,413.0,2026-03-13,DELIVERED,West
956,488.0,2026-01-28,DELIVERED,South
957,202.0,2025-05-04,PLACED,East
958,438.0,2026-05-30,CANCELLED,West
959,32.0,2025-09-29,CANCELLED,West
960,274.0,2026-03-07,DELIVERED,North
961,218.0,2025-06-02,RETURNED,North
963,179.0,2024-11-06,SHIPPED,East
964,302.0,2026-06-30,SHIPPED,East
965,371.0,2026-06-21,PLACED,North
966,72.0,2026-01-29,SHIPPED,East
967,343.0,2025-12-18,DELIVERED,East
968,227.0,2026-03-11,PLACED,East
969,425.0,2026-02-06,RETURNED,South
970,67.0,2024-08-21,CANCELLED,North
971,78.0,2025-07-05,RETURNED,North
972,53.0,2024-09-18,CANCELLED,East
973,122.0,2025-01-17,PLACED,South
974,97.0,2026-05-28,RETURNED,West
975,138.0,2026-07-13,RETURNED,South
976,139.0,2024-11-01,CANCELLED,South
977,200.0,2026-01-29,CANCELLED,South
979,371.0,2026-06-07,SHIPPED,East
980,440.0,2025-05-02,CANCELLED,East
981,450.0,2025-01-02,SHIPPED,East
982,369.0,2024-07-17,CANCELLED,West
983,312.0,2026-03-08,PLACED,West
984,334.0,2024-11-22,RETURNED,South
985,128.0,2025-02-19,SHIPPED,South
986,96.0,2025-08-18,PLACED,South
987,7.0,2024-11-11,DELIVERED,South
988,23.0,2026-06-23,SHIPPED,West
989,489.0,2024-09-24,PLACED,East
990,164.0,2026-01-19,RETURNED,South
991,125.0,2025-08-10,DELIVERED,East
992,61.0,2025-02-01,DELIVERED,East
993,320.0,2024-07-19,PLACED,North
994,472.0,2025-02-03,RETURNED,South
995,260.0,2025-06-29,DELIVERED,North
996,162.0,2024-09-10,PLACED,North
997,149.0,2026-02-24,PLACED,North
998,218.0,2026-06-27,RETURNED,South
999,101.0,2026-02-16,DELIVERED,South
1000,173.0,2025-05-22,PLACED,East
